Channel,Total_Spend,ROI,ROI_Std,Total_Subscriptions_Driven,CPA,Contribution_Share_%,Spend_Share_%
Influencers,17142.0,0.9046056866645813,0.3757120370864868,15506.750680804253,1.1054540279170166,1.2625431678402084,0.17504921256003692
YouTube,2746892.232,0.22152389585971832,0.0912342220544815,608502.2687394372,4.514185686916853,49.54360831784504,28.050479652250743
Google_Generic_Search,2067299.2288,0.12133152782917023,0.05310843139886856,250828.57391036933,8.24188088530426,20.422196036314613,21.110669824256888
Meta,2201928.3996,0.07216197997331619,0.02583092264831066,158895.51307461137,13.857712889388242,12.937103882191932,22.48546450026615
Google_Brand_Search,1782155.86,0.07124972343444824,0.02211226150393486,126978.11214208127,14.035142198411874,10.338423003646165,18.19886710723693
TV,713736.8924731183,0.06934592127799988,0.012057811953127384,49494.742358645126,14.420458789365767,4.029809345311391,7.2884774823513645
Google_Display,263520.11516702,0.06834211945533752,0.02432337775826454,18009.523189628784,14.632264962948845,1.4663162468506477,2.6909922210778845
